document_id,tokens
3m_posh_policy,3558
Leave_Policy,1682
accelya_code_of_conduct,8208
aicb_hr_manual,3833
astral_whistle_blower_policy,2245
attendance_policy,805
bajaj_broking_posh_policy,10056
beml_whistle_blower_policy,4756
ccs_leave_rules_1972,35987
dav_university_hr_employee_manual,20379
dreamfolks_vigil_mechanism_policy,3184
exit_policy,1978
growxcd_vigil_mechanism_policy,5530
homefirst_human_rights_policy,2333
iihmr_hr_policy_manual,17559
iim_raipur_hr_policy_service_rules,90212
indus_university_hr_manual,66611
jiostar_posh_policy,4253
mafatlal_posh_policy,544
msrls_hr_manual,55238
mygov_internship_program,1688
mygov_talent_development_policy,1807
niramai_code_of_conduct,3734
oilindia_human_rights_policy,1565
travel_policy,1724
