prompt,base_output,cpt_output,reference_fact,base_mentions_fact,cpt_mentions_fact
"Under the MyGov Leave Policy, resources are eligible to avail during the probation only",".
The employees who have been on leave for more than 15 days will be paid a pro-rata salary for that period of time. The employee is also entitled to receive a pro-rata salary for any leave taken in excess of 30 days.
If",".

10.3.2.4. The leave will be credited in the account of the employee on a monthly basis and can be availed at any time as per the calendar year.

10.3.2.5. Apart from the above",casual / sick,False,False
"According to the MyGov Domestic Travel Policy, a resource who drives his own vehicle can claim expenses @","100% of actual costs.
Airline tickets and hotel bookings are not eligible for reimbursement under this policy.
The policy does not cover:
• Expenditure on meals or refreshments (including alcoholic beverages)","10% of the eligible
travel amount.

3.2.4.5 The following rules will apply for travel by air:

• A maximum of two bags per person are allowed in economy class and one bag in premium class.
• For",rs.10 / rs. 10,False,False
"As per the MyGov Exit Policy, either party may terminate the Agreement by giving a written notice of","termination to the other party. The parties shall be bound by this clause only if they have entered into an agreement in writing and signed by both parties.
10.2 Termination for breach: Either party may terminate the Agreement immediately upon written notice to the other party if the","30 days to
the other. In case of termination, all the rights and obligations under this agreement will cease from the date of such termination.
12.4 Termination for Convenience: Either party may terminate this agreement at any time with or without cause",60 days / sixty,False,False
