file_name,word_count,min_words,status,reason,duplicate_of,max_similarity,language,characters_before,characters_after,characters_removed,reduction_percent
3m_posh_policy.txt,2492,100,kept,passes_filters,,0.0,en,17987,15924,2063,11.47
accelya_code_of_conduct.txt,5865,100,kept,passes_filters,,0.0,en,47035,37804,9231,19.63
aicb_hr_manual.txt,2676,100,kept,passes_filters,,0.001,en,19404,16971,2433,12.54
astral_whistle_blower_policy.txt,1482,100,kept,passes_filters,,0.0,en,10445,9781,664,6.36
attendance_policy.txt,614,100,kept,passes_filters,,0.001,en,4142,3736,406,9.8
aubank_whistle_blower_policy.txt,1220,100,kept,passes_filters,,0.038,en,8554,8072,482,5.63
aurobindo_human_rights_policy.txt,1315,100,kept,passes_filters,,0.001,en,9267,8954,313,3.38
bajaj_broking_posh_policy.txt,6668,100,kept,passes_filters,,0.026,en,48919,41654,7265,14.85
beml_whistle_blower_policy.txt,3223,100,kept,passes_filters,,0.071,en,21125,20569,556,2.63
bptp_posh_policy.txt,5427,100,kept,passes_filters,,0.083,en,36345,34886,1459,4.01
ccs_conduct_rules_1964.txt,1967,100,kept,passes_filters,,0.001,en,14585,12313,2272,15.58
ccs_leave_rules_1972.txt,23118,100,kept,passes_filters,,0.001,en,153715,139224,14491,9.43
dav_university_hr_employee_manual.txt,13747,100,kept,passes_filters,,0.002,en,89282,85776,3506,3.93
dreamfolks_vigil_mechanism_policy.txt,2093,100,kept,passes_filters,,0.132,en,14574,13806,768,5.27
eidparry_human_rights_policy.txt,717,100,kept,passes_filters,,0.001,en,4854,4631,223,4.59
exit_policy.txt,1391,100,kept,passes_filters,,0.006,en,9697,8599,1098,11.32
ghl_vigil_mechanism_policy.txt,2047,100,kept,passes_filters,,0.134,en,15317,13969,1348,8.8
growxcd_vigil_mechanism_policy.txt,3171,100,kept,passes_filters,,0.081,en,20954,19806,1148,5.48
homefirst_human_rights_policy.txt,1631,100,kept,passes_filters,,0.012,en,11453,11138,315,2.75
iihmr_hr_policy_manual.txt,10957,100,kept,passes_filters,,0.001,en,73497,67409,6088,8.28
iim_raipur_hr_policy_service_rules.txt,58531,100,kept,passes_filters,,0.006,en,409549,365824,43725,10.68
indus_university_hr_manual.txt,40557,100,kept,passes_filters,,0.003,en,284423,266946,17477,6.14
jiostar_posh_policy.txt,3015,100,kept,passes_filters,,0.045,en,22504,18644,3860,17.15
khannapaper_vigil_mechanism_policy.txt,1268,100,kept,passes_filters,,0.065,en,9753,8373,1380,14.15
Leave_Policy.txt,1143,100,kept,passes_filters,,0.009,en,7460,6826,634,8.5
mafatlal_posh_policy.txt,326,100,kept,passes_filters,,0.004,en,2481,2145,336,13.54
msrls_hr_manual.txt,36045,100,kept,passes_filters,,0.002,en,232699,220475,12224,5.25
mygov_internship_program.txt,1170,100,kept,passes_filters,,0.0,en,8211,7446,765,9.32
mygov_laptop_policy.txt,1645,100,kept,passes_filters,,0.006,en,12072,11424,648,5.37
mygov_talent_development_policy.txt,1213,100,kept,passes_filters,,0.003,en,8124,7526,598,7.36
niramai_code_of_conduct.txt,2691,100,kept,passes_filters,,0.002,en,17641,17210,431,2.44
oilindia_human_rights_policy.txt,1025,100,kept,passes_filters,,0.003,en,7348,7143,205,2.79
travel_policy.txt,1083,100,kept,passes_filters,,0.001,en,7081,6422,659,9.31
mygov_travel_policy_dup.txt,1083,100,rejected,exact_duplicate,travel_policy.txt,1.0,not_checked,7081,6422,659,9.31
