file_name,total_pages,text_pages,empty_pages,characters_extracted
3m_posh_policy.pdf,7,7,0,17918
Leave_Policy.pdf,5,5,0,7464
accelya_code_of_conduct.pdf,21,21,0,46782
aicb_hr_manual.pdf,11,11,0,19505
astral_whistle_blower_policy.pdf,6,6,0,10390
attendance_policy.pdf,2,2,0,4122
aubank_whistle_blower_policy.pdf,4,4,0,8505
aurobindo_human_rights_policy.pdf,4,4,0,9228
bajaj_broking_posh_policy.pdf,18,18,0,48861
beml_whistle_blower_policy.pdf,9,9,0,20998
bptp_posh_policy.pdf,25,25,0,36013
ccs_conduct_rules_1964.pdf,38,38,0,14250
ccs_leave_rules_1972.pdf,73,73,0,152533
dav_university_hr_employee_manual.pdf,34,34,0,88938
dreamfolks_vigil_mechanism_policy.pdf,9,9,0,14517
eidparry_human_rights_policy.pdf,3,3,0,4832
exit_policy.pdf,8,8,0,9635
ghl_vigil_mechanism_policy.pdf,7,7,0,15244
growxcd_vigil_mechanism_policy.pdf,14,14,0,20991
homefirst_human_rights_policy.pdf,5,5,0,11377
iihmr_hr_policy_manual.pdf,33,33,0,72987
iim_raipur_hr_policy_service_rules.pdf,200,200,0,406684
indus_university_hr_manual.pdf,164,164,0,283000
jiostar_posh_policy.pdf,12,12,0,22528
khannapaper_vigil_mechanism_policy.pdf,11,11,0,9876
mafatlal_posh_policy.pdf,1,1,0,2468
msrls_hr_manual.pdf,144,144,0,230217
mygov_internship_program.pdf,5,5,0,8188
mygov_laptop_policy.pdf,5,5,0,12011
mygov_talent_development_policy.pdf,5,5,0,8139
mygov_travel_policy_dup.pdf,5,5,0,7028
niramai_code_of_conduct.pdf,6,6,0,17569
oilindia_human_rights_policy.pdf,3,3,0,7305
travel_policy.pdf,5,5,0,7028
