file_name,category,publisher,url
mygov_laptop_policy.pdf,it_asset,MyGov (GoI),https://static.mygov.in/static/resources/s3fs-public/2026-07/mygov_1783663029_9c2ac812.pdf
mygov_talent_development_policy.pdf,learning,MyGov (GoI),https://static.mygov.in/static/resources/s3fs-public/2026-07/mygov_1783662649_7d990daa.pdf
mygov_internship_program.pdf,internship,MyGov (GoI),https://static.mygov.in/static/resources/s3fs-public/2026-07/mygov_1783662613_074f7c59.pdf
mygov_travel_policy_dup.pdf,travel,MyGov (GoI),https://static.mygov.in/static/resources/s3fs-public/2026-07/mygov_1783662758_b16d4934.pdf
ccs_leave_rules_1972.pdf,leave_rules,GoI CCS (Leave) Rules,https://mail.lgbrimh.gov.in/ActsAndRules/content/ccsleaverule.pdf
ccs_conduct_rules_1964.pdf,conduct_rules,GoI CCS (Conduct) Rules,https://ntiprit.gov.in/pdf/vigilancematters/CCS_Conduct_Rules.pdf
msrls_hr_manual.pdf,hr_manual,MSRLS,https://msrls.nic.in/sites/default/files/hr-manual-doc.pdf
indus_university_hr_manual.pdf,hr_manual,Indus University,https://indusuni.ac.in/pdf/IU_HR_MANUAL.pdf
iilm_university_hr_policy_manual.pdf,hr_manual,IILM University,https://iilm.edu.in/download/IILM-University-HR-Policy-Manual.pdf
dav_university_hr_employee_manual.pdf,hr_manual,DAV University,https://davuniversity.org/src/library/2025/HR_EMPLOYEE_MANUAL.pdf
inoxcva_hr_manual_2025.pdf,hr_manual,INOXCVA,https://inoxcva.com/HR%20MANUAL_Revised_August'25.pdf
inoxcva_hr_manual.pdf,hr_manual,INOXCVA,https://inoxcva.com/INOXCVA_HR-Manual.pdf
iimu_hr_manual_permanent.pdf,hr_manual,IIM Udaipur,https://www.iimu.ac.in/upload_data/main_containts/Members/hr-manual-for-non-teaching-permanent-employees-2023-01.pdf
iimu_hr_manual_contractual.pdf,hr_manual,IIM Udaipur,https://www.iimu.ac.in/upload_data/main_containts/Members/hr-manual-for-non-teaching-contractual-employees-2023-01.pdf
basf_posh_policy.pdf,posh,BASF India,https://www.basf.com/in/documents/en/investor-relations/code-of-conduct-and-other-policies/2023/POSH%20Policy%20BIL_Aug%202023.pdf.assetdownload.pdf
3m_posh_policy.pdf,posh,3M India,https://multimedia.3m.com/mws/media/2062045O/posh-policy-3m-2021.pdf
sony_spni_posh_policy.pdf,posh,Sony Pictures Networks India,https://www.sonypicturesnetworks.com/pdf/posh/SPNI_PREVENTION_OF_SEXUAL_HARASSMENT_POLICY_21_04_2026.pdf
bajaj_broking_posh_policy.pdf,posh,Bajaj Broking,https://www.bajajbroking.in/content/dam/bfsl/regulatory-update/new1/POSH_Policy.pdf
jiostar_posh_policy.pdf,posh,JioStar,https://cdn.jiostar.com/jiostar/wp-content/uploads/2025/07/Jiostar-Prevention-of-Sexual-Harassment-at-Work-Place-Policy-July-1-2025.pdf
tataelxsi_policy.pdf,posh,Tata Elxsi,https://tataelxsi.com/storage/quick-links/February2024/GJA4z9PfOMk1dksEIa3F.pdf
bptp_posh_policy.pdf,posh,BPTP,https://cms.bptp.com/wp-content/uploads/2026/01/Prevention-of-Sexual-Harassment-Policy.pdf
bharatforge_code_of_conduct.pdf,code_of_conduct,Bharat Forge,https://bharatforge.com/assets/pdf/HR_Policies/BFL-19_Code_of_Conduct_&_Ethics_for_Employees_Policy.pdf
accelya_code_of_conduct.pdf,code_of_conduct,Accelya,https://w3.accelya.com/wp-content/uploads/2021/07/Code-of-Conduct.pdf
niramai_code_of_conduct.pdf,code_of_conduct,Niramai,https://niramai.com/wp-content/uploads/2017/12/Company-Code-of-Conduct-Policy.pdf
bharatforge_human_rights_policy.pdf,human_rights,Bharat Forge,https://bharatforge.com/assets/pdf/HR_Policies/BFL_Human_Right_Policy.pdf
homefirst_human_rights_policy.pdf,human_rights,Home First Finance,https://homefirstindia.com/files/Human%20Rights%20Policy.pdf
eidparry_human_rights_policy.pdf,human_rights,EID Parry,https://www.eidparry.com/wp-content/assets/2023/02/Human-Rights-Policy.pdf
aurobindo_human_rights_policy.pdf,human_rights,Aurobindo Pharma,https://www.aurobindo.com/images/sustainablity/Human-Rights-Policy-Latest.pdf
oilindia_human_rights_policy.pdf,human_rights,Oil India,https://www.oil-india.com/files/2026-08/Human_Rights_Policy.pdf
infosys_human_rights_statement.pdf,human_rights,Infosys,https://www.infosys.com/sustainability/resources/documents/human-rights-statement.pdf
aubank_whistle_blower_policy.pdf,whistle_blower,AU Small Finance Bank,https://www.au.bank.in/content-fragmnets/disclosure/2014-2015/whistle-blower-policy-and-vigil-mechanism.pdf
beml_whistle_blower_policy.pdf,whistle_blower,BEML,https://www.bemlindia.in/wp-content/uploads/2024/04/Whistle_Blower_Policy.pdf
iks_whistle_blower_policy.pdf,whistle_blower,IKS Health,https://www.ikshealth.com/wp-content/uploads/2023/12/Whistle-Blower-Mechanism-Policy.pdf
astral_whistle_blower_policy.pdf,whistle_blower,Astral,https://www.astralltd.com/wp-content/uploads/2025/08/Whistle-Blower-Policy-1.pdf
ghl_vigil_mechanism_policy.pdf,whistle_blower,GHL / ILS Hospitals,https://ilshospitals.com/wp-content/uploads/2023/12/ghl-vigil_mechanism_policy.pdf
khannapaper_vigil_mechanism_policy.pdf,whistle_blower,Khanna Paper,https://www.khannapaper.com/wp-content/uploads/2025/08/Vigil-Mechanism-Policy.pdf
dreamfolks_vigil_mechanism_policy.pdf,whistle_blower,DreamFolks,https://dreamfolks.com/files/policy/Policy-on-Vigil-Mechanism_Dreamfolks-Services-Limited_v1.10.pdf
growxcd_vigil_mechanism_policy.pdf,whistle_blower,GrowXCD,https://www.growxcd.com/assets/Pdf/Vigil-Mechanism-Whistle-Blower-Policy.pdf
iim_raipur_hr_policy_service_rules.pdf,hr_manual,IIM Raipur,https://iimraipur.ac.in/wp-content/uploads/2023/03/HR-Policy.pdf
iimu_hr_manual_faculty.pdf,hr_manual,IIM Udaipur,https://www.iimu.ac.in/upload_data/main_containts/Members/hr-manual-for-faculty-members-2023-01.pdf
iihmr_hr_policy_manual.pdf,hr_manual,IIHMR,https://iihmrbangalore.edu.in/wp-content/uploads/2024/05/HR-mannual-for-IIHMR.pdf
aicb_hr_manual.pdf,hr_manual,All India Confederation of the Blind,https://www.aicb.org.in/images/AICBpoliciesAndRules/AICB_HR_manual.pdf
snu_leave_policy.pdf,leave_rules,Shiv Nadar University,https://snulinks.snu.edu.in/snuPolicies/uploads/SNU%20Policies%20and%20Procedures/4.%20Human%20Resources/402%20Leave%20Policy/HR402%20Leave%20Policy%20V1.3.pdf
nitt_leave_rules.pdf,leave_rules,NIT Tiruchirappalli,https://www.nitt.edu/www/uploads/391_leave211.pdf
sudarshan_posh_policy_2025.pdf,posh,Sudarshan Chemical,https://www.sudarshan.com/wp-content/uploads/2025/09/POSH-Policy-2025.pdf
mafatlal_posh_policy.pdf,posh,Mafatlal Industries,https://www.mafatlals.com/wp-content/uploads/MILPOLHR6.0-POSH-POLICY-eff-from-1-Aug-24.pdf
bharatforge_anti_bribery_policy.pdf,code_of_conduct,Bharat Forge,https://bharatforge.com/assets/pdf/HR_Policies/Anti-Corruption_and_Bribery_PolicyV2.pdf
