step,epoch,loss,eval_loss,learning_rate,grad_norm
1,0.0108,1.7331783771514893,,0.0,1.3515625
5,0.0539,2.0801403522491455,,8.888888888888889e-05,0.94140625
10,0.1078,1.8100522994995116,,0.0002,1.0859375
15,0.1617,1.6572017669677734,,0.00019960646970310027,1.8046875
20,0.2156,1.4800402641296386,,0.00019842897613429262,0.9140625
25,0.2695,1.4461348533630372,,0.0001964767868814516,1.015625
30,0.3235,1.5130334854125977,,0.0001937652668569028,0.96484375
35,0.3774,1.3348808288574219,,0.00019031575736625238,1.0078125
37,0.3989,,1.386162519454956,,
40,0.4313,1.4323625564575195,,0.0001861554081393806,0.984375
45,0.4852,1.573128890991211,,0.00018131696364561667,0.6484375
50,0.5391,1.4743349075317382,,0.00017583850537492387,0.7109375
55,0.593,1.419459629058838,,0.0001697631521134985,0.5703125
60,0.6469,1.4532922744750976,,0.00016313872057279534,0.57421875
65,0.7008,1.4481361389160157,,0.0001560173490430346,0.69921875
70,0.7547,1.40596923828125,,0.00014845508703326504,0.82421875
74,0.7978,,1.3481898307800293,,
75,0.8086,1.3303296089172363,,0.00014051145412776535,0.69921875
80,0.8625,1.4226097106933593,,0.0001322489715308509,0.60546875
85,0.9164,1.5435922622680665,,0.0001237326699871115,0.70703125
90,0.9704,1.3331843376159669,,0.00011502957795004705,0.58203125
95,1.0216,1.467137908935547,,0.0001062081940275234,0.81640625
100,1.0755,1.4942648887634278,,9.733794785622253e-05,0.6484375
105,1.1294,1.360677146911621,,8.84886536483317e-05,0.8671875
110,1.1833,1.3931848526000976,,7.972996071139064e-05,0.87109375
111,1.1941,,1.3356024026870728,,
115,1.2372,1.462467575073242,,7.113080526603792e-05,0.7890625
120,1.2911,1.2406946182250977,,6.275886787618339e-05,0.671875
125,1.345,1.4504748344421388,,5.468004076196029e-05,0.88671875
130,1.3989,1.4521564483642577,,4.695790918802576e-05,0.8984375
135,1.4528,1.3624515533447266,,3.965325100899961e-05,0.81640625
140,1.5067,1.346208381652832,,3.282355831092072e-05,0.71484375
145,1.5606,1.3111101150512696,,2.6522584913693294e-05,0.640625
148,1.593,,1.3337345123291016,,
150,1.6146,1.3787519454956054,,2.0799923295952627e-05,0.74609375
155,1.6685,1.2621822357177734,,1.5700614272208493e-05,0.62109375
160,1.7224,1.2276302337646485,,1.1264792494342857e-05,0.8046875
165,1.7763,1.453511619567871,,7.527370567580416e-06,0.828125
170,1.8302,1.3270066261291504,,4.517764267130808e-06,0.921875
175,1.8841,1.2424903869628907,,2.259661018213333e-06,0.64453125
180,1.938,1.306232738494873,,7.708334616675416e-07,0.68359375
185,1.9919,1.4050276756286622,,6.299957250064382e-08,0.7734375
185,1.9919,,1.3331717252731323,,
186,2.0,,1.3331730365753174,,
186,2.0,,1.3331730365753174,,
